Server IP,Port (5985),   '10.64.64.91,Closed,,,,,
10.64.64.91,Open,    10.64.64.92,Closed,,,,,
10.64.64.92,Open,    10.64.64.89,Closed,,,,,
10.64.64.89,Open,    10.64.64.93,Closed,,,,,
10.64.64.93,Open,    10.64.64.87,Closed,,,,,
10.64.64.87,Open,    10.64.64.113,Closed,,,,,
10.64.64.113,Open,    10.64.64.88,Closed,,,,,
10.64.64.88,Closed,    10.64.64.73,Closed,,,,,
10.64.64.73,Open,    10.64.64.72,Closed,,,,,
10.64.64.72,Open,    10.64.64.98,Closed,,,,,
10.64.64.98,Open,    10.64.64.99,Closed,,,,,
10.64.64.99,Open,    10.64.64.100,Closed,,,,,
10.64.64.100,Open,    10.64.64.74,Closed,,,,,
10.64.64.74,Open,    10.64.64.102,Closed,,,,,
10.64.64.102,Open,    10.64.64.119,Closed,,,,,
10.64.64.119,Open,    10.64.64.114,Closed,,,,,
10.64.64.114,Open,    10.64.64.121,Closed,,,,,
10.64.64.121,Open,    10.64.64.69,Closed,,,,,
10.64.64.69,Open,    10.64.64.67,Closed,,,,,
10.64.64.67,Open,    10.64.64.122,Closed,,,,,
10.64.64.122,Open,    10.64.64.94,Closed,,,,,
10.64.64.94,Open,    10.64.64.123,Closed,,,,,
10.64.64.123,Open,    10.64.64.95,Closed,,,,,
10.64.64.95,Open,    10.64.64.124,Closed,,,,,
10.64.64.124,Open,    10.64.64.96,Closed,,,,,
10.64.64.96,Open,    10.64.224.3,Closed,,,,,
10.64.224.3,Open,    10.64.224.2,Closed,,,,,
10.64.224.2,Open,    10.64.64.126,Closed,,,,,
10.64.64.126,Open,    10.64.64.101,Closed,,,,,
10.64.64.101,Open,    10.64.64.105,Closed,,,,,
10.64.64.105,Closed,    10.64.64.104,Closed,,,,,
10.64.64.104,Open,    10.64.64.75,Closed,,,,,
10.64.64.75,Open,    10.64.64.103,Closed,,,,,
10.64.64.103,Open,    10.64.64.76,Closed,,,,,
10.64.64.76,Open,    10.64.64.71,Closed,,,,,
10.64.64.71,Open,    10.64.64.97,Closed,,,,,
10.64.64.97,Open,    10.64.64.115,Closed,,,,,
10.64.64.115,Open,    10.64.64.68,Closed,,,,,
10.64.64.68,Open,    10.64.64.116,Closed,,,,,
10.64.64.116,Open,    10.107.224.120,Closed,,,,,
10.107.224.120,Open,    10.107.224.87,Closed,,,,,
10.107.224.87,Open,    10.105.64.132,Closed,,,,,
10.105.64.132,Open,    10.105.64.134,Closed,,,,,
10.105.64.134,Open,    10.105.64.160,Closed,,,,,
10.105.64.160,Open,    10.107.224.109,Closed,,,,,
10.107.224.109,Open,    10.105.64.161,Closed,,,,,
10.105.64.161,Open,    10.105.64.164,Closed,,,,,
10.105.64.164,Open,    10.105.64.165,Closed,,,,,
10.105.64.165,Open,    10.105.64.166,Closed,,,,,
10.105.64.166,Open,    10.105.64.167,Closed,,,,,
10.105.64.167,Open,    10.105.64.168,Closed,,,,,
10.105.64.168,Open,    10.105.64.169,Closed,,,,,
10.105.64.169,Open,    10.105.64.170,Closed,,,,,
10.105.64.170,Open,    10.105.64.171,Closed,,,,,
10.105.64.171,Open,    10.105.64.172,Closed,,,,,
10.105.64.172,Open,    10.105.64.173,Closed,,,,,
10.105.64.173,Open,    10.105.64.174,Closed,,,,,
10.105.64.174,Open,    10.105.64.175,Closed,,,,,
10.105.64.175,Open,    10.105.64.176,Closed,,,,,
10.105.64.176,Open,    10.105.64.177,Closed,,,,,
10.105.64.177,Closed,    10.105.64.178,Closed,,,,,
10.105.64.178,Open,    10.105.64.179,Closed,,,,,
10.105.64.179,Open,    10.105.64.180,Closed,,,,,
10.105.64.180,Open,    10.105.64.181,Closed,,,,,
10.105.64.181,Open,    10.105.64.182,Closed,,,,,
10.105.64.182,Open,    10.105.64.183,Closed,,,,,
10.105.64.183,Open,    10.105.64.184,Closed,,,,,
10.105.64.184,Open,    10.105.64.185,Closed,,,,,
10.105.64.185,Open,    10.105.64.186,Closed,,,,,
10.105.64.186,Open,    10.105.64.187,Closed,,,,,
10.105.64.187,Open,    10.105.64.188,Closed,,,,,
10.105.64.188,Open,    10.105.64.189,Closed,,,,,
10.105.64.189,Open,    10.113.240.81,Closed,,,,,
10.113.240.81,Open,    10.113.240.82,Closed,,,,,
10.113.240.82,Closed,    10.113.240.87,Closed,,,,,
10.113.240.87,Open,    10.113.240.83,Closed,,,,,
10.113.240.83,Open,    10.107.240.115,Closed,,,,,
10.107.240.115,Open,    10.107.240.114,Closed,,,,,
10.107.240.114,Open,    10.107.240.116,Closed,,,,,
10.107.240.116,Open,    10.107.240.89,Closed,,,,,
10.107.240.89,Open,    10.107.240.90,Closed,,,,,
10.107.240.90,Open,    10.107.240.126,Closed,,,,,
10.107.240.126,Open,    10.107.240.117,Closed,,,,,
10.107.240.117,Open,    10.107.240.118,Closed,,,,,
10.107.240.118,Open,    10.107.240.124,Closed,,,,,
10.107.240.124,Open,    10.108.26.10,Closed,,,,,
10.108.26.10,Open,    10.107.240.125,Closed,,,,,
10.107.240.125,Open,    10.107.240.122,Closed,,,,,
10.107.240.122,Open,    10.107.240.93,Closed,,,,,
10.107.240.93,Open,    10.107.240.70,Closed,,,,,
10.107.240.70,Open,    10.107.240.76,Closed,,,,,
10.107.240.76,Open,    10.107.240.66,Closed,,,,,
10.107.240.66,Open,    10.108.24.2,Closed,,,,,
10.108.24.2,Open,    10.107.240.77,Closed,,,,,
10.107.240.77,Open,    10.107.240.105,Closed,,,,,
10.107.240.105,Open,    10.107.250.120,Closed,,,,,
10.107.250.120,Closed,    10.107.240.108,Closed,,,,,
10.107.240.108,Open,    10.107.240.109,Closed,,,,,
10.107.240.109,Open,    10.107.240.110,Closed,,,,,
10.107.240.110,Open,    10.107.240.111,Closed,,,,,
10.107.240.111,Open,    10.107.240.107,Closed,,,,,
10.107.240.107,Open,    10.107.240.67,Closed,,,,,
10.107.240.67,Open,    10.107.240.104,Closed,,,,,
10.107.240.104,Open,    10.107.240.119,Closed,,,,,
10.107.240.119,Open,    10.107.240.78,Closed,,,,,
10.107.240.78,Open,    10.107.224.72,Closed,,,,,
10.107.224.72,Open,    10.107.224.69,Closed,,,,,
10.107.224.69,Closed,    10.107.224.108,Closed,,,,,
10.107.224.108,Open,    10.107.224.119,Closed,,,,,
10.107.224.119,Closed,    10.107.240.98,Closed,,,,,
10.107.240.98,Open,    10.107.240.99,Closed,,,,,
10.107.240.99,Open,    10.107.240.103,Closed,,,,,
10.107.240.103,Open,    10.107.224.80,Closed,,,,,
10.107.224.80,Open,    10.107.224.81,Closed,,,,,
10.107.224.81,Open,    10.107.224.86,Closed,,,,,
10.107.224.86,Open,    10.107.224.90,Closed,,,,,
10.107.224.90,Open,    10.107.224.67,Closed,,,,,
10.107.224.67,Open,    10.113.240.74,Closed,,,,,
10.113.240.74,Open,    10.113.240.75,Closed,,,,,
10.113.240.75,Open,    10.107.240.79,Closed,,,,,
10.107.240.79,Open,    10.69.192.79,Closed,,,,,
10.69.192.79,Open,    10.69.192.118,Closed,,,,,
10.69.192.118,Closed,    10.69.192.115,Closed,,,,,
10.69.192.115,Open,    10.69.192.109,Closed,,,,,
10.69.192.109,Open,    10.69.192.124,Closed,,,,,
10.69.192.124,Open,    10.69.192.91,Closed,,,,,
10.69.192.91,Open,    10.69.192.116,Closed,,,,,
10.69.192.116,Open,    10.69.192.113,Closed,,,,,
10.69.192.113,Open,    10.69.192.112,Closed,,,,,
10.69.192.112,Open,    10.69.192.90,Closed,,,,,
10.69.192.90,Open,    10.69.192.93,Closed,,,,,
10.69.192.93,Open,    10.69.192.94,Closed,,,,,
10.69.192.94,Open,    10.69.192.95,Closed,,,,,
10.69.192.95,Open,    10.69.192.67,Closed,,,,,
10.69.192.67,Open,    10.69.192.68,Closed,,,,,
10.69.192.68,Open,    10.69.192.69,Closed,,,,,
10.69.192.69,Open,    10.69.192.72,Closed,,,,,
10.69.192.72,Open,    10.69.192.76,Closed,,,,,
10.69.192.76,Open,    10.69.192.80,Closed,,,,,
10.69.192.80,Open,    10.69.192.81,Closed,,,,,
10.69.192.81,Open,    10.69.192.85,Closed,,,,,
10.69.192.85,Open,    10.69.192.86,Closed,,,,,
10.69.192.86,Open,    10.69.192.87,Closed,,,,,
10.69.192.87,Open,    10.69.192.88,Closed,,,,,
10.69.192.88,Open,    10.69.192.89,Closed,,,,,
10.69.192.89,Open,    10.69.192.82,Closed,,,,,
10.69.192.82,Open,    10.69.192.77,Closed,,,,,
10.69.192.77,Open,    10.69.192.110,Closed,,,,,
10.69.192.110,Open,    10.69.192.100,Closed,,,,,
10.69.192.100,Open,    10.69.192.96,Closed,,,,,
10.69.192.96,Open,    10.69.192.97,Closed,,,,,
10.69.192.97,Open,    10.69.192.98,Closed,,,,,
10.69.192.98,Open,    10.69.192.99,Closed,,,,,
10.69.192.99,Open,    10.69.192.66,Closed,,,,,
10.69.192.66,Open,    10.138.1.232,Closed,,,,,
10.138.1.232,Open,    192.168.8.252,Closed,,,,,
192.168.8.252,Closed,    10.138.1.88,Closed,,,,,
10.138.1.88,Open,    10.138.1.76,Closed,,,,,
10.138.1.76,Open,    10.138.1.19,Closed,,,,,
10.138.1.19,Closed,    10.138.1.114,Closed,,,,,
10.138.1.114,Open,    10.138.1.81,Closed,,,,,
10.138.1.81,Open,    10.138.1.90,Closed,,,,,
10.138.1.90,Open,    10.138.1.92,Closed,,,,,
10.138.1.92,Open,    10.138.1.51,Closed,,,,,
10.138.1.51,Open,    10.138.1.78,Closed,,,,,
10.138.1.78,Open,    10.138.1.153,Closed,,,,,
10.138.1.153,Open,    10.138.1.48,Closed,,,,,
10.138.1.48,Closed,    10.138.1.79,Closed,,,,,
10.138.1.79,Open,    10.138.1.10,Closed,,,,,
10.138.1.10,Open,    10.138.1.18,Closed,,,,,
10.138.1.18,Open,    10.138.1.127,Closed,,,,,
10.138.1.127,Open,    10.138.1.127,Closed,,,,,
10.138.1.127,Open,    10.138.1.128,Closed,,,,,
10.138.1.128,Open,    10.138.1.128,Closed,,,,,
10.138.1.128,Open,    10.138.1.129,Closed,,,,,
10.138.1.129,Open,    10.138.1.129,Closed,,,,,
10.138.1.129,Open,    10.138.1.82,Closed,,,,,
10.138.1.82,Open,    10.138.1.101,Closed,,,,,
10.138.1.101,Open,    10.138.1.80,Closed,,,,,
10.138.1.80,Open,    169.254.231.3,Closed,,,,,
169.254.231.3,Closed,    192.168.64.195,Closed,,,,,
192.168.64.195,Closed,    192.168.64.196,Closed,,,,,
192.168.64.196,Closed,    10.138.1.110,Closed,,,,,
10.138.1.110,Open,    10.138.1.20,Closed,,,,,
10.138.1.20,Open,    10.138.1.22,Closed,,,,,
10.138.1.22,Open,    10.138.1.122,Closed,,,,,
10.138.1.122,Open,    10.138.1.107,Closed,,,,,
10.138.1.107,Open,    10.138.1.184,Closed,,,,,
10.138.1.184,Open,    10.138.1.13,Closed,,,,,
10.138.1.13,Closed,    10.138.1.147,Closed,,,,,
10.138.1.147,Open,    10.138.1.154,Closed,,,,,
10.138.1.154,Open,    10.138.1.155,Closed,,,,,
10.138.1.155,Open,    10.138.1.98,Closed,,,,,
10.138.1.98,Closed,    10.138.1.93,Closed,,,,,
10.138.1.93,Open,    192.168.30.2,Closed,,,,,
192.168.30.2,Closed,    10.138.1.185,Closed,,,,,
10.138.1.185,Open,    10.138.1.186,Closed,,,,,
10.138.1.186,Open,    10.138.1.187,Closed,,,,,
10.138.1.187,Open,    10.138.1.188,Closed,,,,,
10.138.1.188,Open,    10.138.0.120,Closed,,,,,
10.138.0.120,Closed,    192.168.52.250,Closed,,,,,
192.168.52.250,Closed,    10.138.1.124,Closed,,,,,
10.138.1.124,Open,    10.138.1.125,Closed,,,,,
10.138.1.125,Open,    10.138.1.111,Closed,,,,,
10.138.1.111,Open,    10.138.1.138,Closed,,,,,
10.138.1.138,Open,    10.138.1.156,Closed,,,,,
10.138.1.156,Open,    10.138.1.149,Closed,,,,,
10.138.1.149,Open,    10.138.1.159,Closed,,,,,
10.138.1.159,Open,    10.138.1.163,Closed,,,,,
10.138.1.163,Open,    10.138.1.106,Closed,,,,,
10.138.1.106,Open,    10.138.101.30,Closed,,,,,
10.138.101.30,Closed,    10.138.1.143,Closed,,,,,
10.138.1.143,Open,    10.138.107.100,Closed,,,,,
10.138.107.100,Closed,    10.138.1.145,Closed,,,,,
10.138.1.145,Open,    10.138.1.166,Closed,,,,,
10.138.1.166,Open,    10.138.1.218,Closed,,,,,
10.138.1.218,Open,    10.138.0.122,Closed,,,,,
10.138.0.122,Closed,    10.138.107.104,Closed,,,,,
10.138.107.104,Closed,    10.138.93.184,Closed,,,,,
10.138.93.184,Closed,    10.138.93.181,Closed,,,,,
10.138.93.181,Closed,    10.138.93.182,Closed,,,,,
10.138.93.182,Closed,    10.138.1.197,Closed,,,,,
10.138.1.197,Open,    10.138.1.198,Closed,,,,,
10.138.1.198,Open,    10.138.1.199,Closed,,,,,
10.138.1.199,Open,    10.138.1.200,Closed,,,,,
10.138.1.200,Open,    10.138.1.201,Closed,,,,,
10.138.1.201,Open,    10.138.1.203,Closed,,,,,
10.138.1.203,Open,    10.138.1.123,Closed,,,,,
10.138.1.123,Open,    10.138.1.167,Closed,,,,,
10.138.1.167,Open,    10.138.1.168,Closed,,,,,
10.138.1.168,Open,    10.138.1.169,Closed,,,,,
10.138.1.169,Open,    10.138.1.170,Closed,,,,,
10.138.1.170,Open,    10.138.1.171,Closed,,,,,
10.138.1.171,Open,    10.138.1.172,Closed,,,,,
10.138.1.172,Open,    10.138.1.237,Closed,,,,,
10.138.1.237,Open,    10.138.1.11,Closed,,,,,
10.138.1.11,Open,    10.138.107.105,Closed,,,,,
10.138.107.105,Closed,    10.138.1.173,Closed,,,,,
10.138.1.173,Open,    10.138.1.174,Closed,,,,,
10.138.1.174,Open,    10.138.1.177,Closed,,,,,
10.138.1.177,Open,    10.138.1.180,Closed,,,,,
10.138.1.180,Open,    192.168.20.111,Closed,,,,,
192.168.20.111,Closed,    10.138.1.195,Closed,,,,,
10.138.1.195,Open,    10.138.1.196,Closed,,,,,
10.138.1.196,Open,    10.138.1.102,Closed,,,,,
10.138.1.102,Open,    10.138.1.6,Closed,,,,,
10.138.1.6,Open,    10.138.1.12,Closed,,,,,
10.138.1.12,Open,    10.138.1.26,Closed,,,,,
10.138.1.26,Open,    10.138.1.245,Closed,,,,,
10.138.1.245,Open,    10.138.1.239,Closed,,,,,
10.138.1.239,Open,    10.138.1.241,Closed,,,,,
10.138.1.241,Open,    10.138.1.242,Closed,,,,,
10.138.1.242,Open,    10.138.1.63,Closed,,,,,
10.138.1.63,Open,    10.138.1.244,Closed,,,,,
10.138.1.244,Open,    172.17.6.43,Closed,,,,,
172.17.6.43,Closed,    172.17.6.44,Closed,,,,,
172.17.6.44,Closed,    172.17.6.45,Closed,,,,,
172.17.6.45,Closed,    172.17.6.46,Closed,,,,,
172.17.6.46,Closed,    172.17.6.47,Closed,,,,,
172.17.6.47,Closed,    172.17.6.48,Closed,,,,,
172.17.6.48,Closed,    192.168.0.12,Closed,,,,,
192.168.0.12,Closed,    10.143.160.126,Closed,,,,,
10.143.160.126,Open,    10.143.160.125,Closed,,,,,
10.143.160.125,Open,    10.143.160.113,Closed,,,,,
10.143.160.113,Open,    192.168.9.1,Closed,,,,,
192.168.9.1,Closed,    192.168.8.2,Closed,,,,,
192.168.8.2,Closed,    10.143.160.107,Closed,,,,,
10.143.160.107,Open,    10.143.160.123,Closed,,,,,
10.143.160.123,Open,    10.143.160.77,Closed,,,,,
10.143.160.77,Open,    10.143.160.115,Closed,,,,,
10.143.160.115,Open,    192.168.12.1,Closed,,,,,
192.168.12.1,Closed,    10.143.160.75,Closed,,,,,
10.143.160.75,Open,    10.143.160.75,Closed,,,,,
10.143.160.75,Open,    192.168.7.1,Closed,,,,,
192.168.7.1,Closed,    192.168.7.1,Closed,,,,,
192.168.7.1,Closed,    10.143.160.118,Closed,,,,,
10.143.160.118,Open,    192.168.2.1,Closed,,,,,
192.168.2.1,Closed,    192.168.2.1,Closed,,,,,
192.168.2.1,Closed,    10.143.160.92,Closed,,,,,
10.143.160.92,Open,    10.143.160.92,Closed,,,,,
10.143.160.92,Open,    192.168.11.129,Closed,,,,,
192.168.11.129,Closed,    192.168.11.129,Closed,,,,,
192.168.11.129,Closed,    192.168.0.1,Closed,,,,,
192.168.0.1,Closed,    192.168.0.1,Closed,,,,,
192.168.0.1,Closed,    10.146.128.100,Closed,,,,,
10.146.128.100,Open,    10.146.128.71,Closed,,,,,
10.146.128.71,Open,    10.146.128.101,Closed,,,,,
10.146.128.101,Open,    10.146.128.102,Closed,,,,,
10.146.128.102,Open,    10.146.128.72,Closed,,,,,
10.146.128.72,Open,    10.146.128.106,Closed,,,,,
10.146.128.106,Open,    10.143.48.112,Closed,,,,,
10.143.48.112,Open,    10.143.48.98,Closed,,,,,
10.143.48.98,Open,    10.143.48.114,Closed,,,,,
10.143.48.114,Open,    10.143.48.113,Closed,,,,,
10.143.48.113,Open,    10.143.48.101,Closed,,,,,
10.143.48.101,Open,    10.143.48.124,Closed,,,,,
10.143.48.124,Open,    10.143.90.10,Closed,,,,,
10.143.90.10,Open,    10.143.48.102,Closed,,,,,
10.143.48.102,Open,    10.143.48.90,Closed,,,,,
10.143.48.90,Open,    10.143.48.71,Closed,,,,,
10.143.48.71,Open,    10.142.48.101,Closed,,,,,
10.142.48.101,Open,    10.142.48.81,Closed,,,,,
10.142.48.81,Open,    10.142.90.10,Closed,,,,,
10.142.90.10,Open,    10.142.48.104,Closed,,,,,
10.142.48.104,Open,    192.168.178.200,Closed,,,,,
192.168.178.200,Closed,    10.142.48.107,Closed,,,,,
10.142.48.107,Open,    10.142.48.110,Closed,,,,,
10.142.48.110,Open,    10.142.48.111,Closed,,,,,
10.142.48.111,Open,    10.142.48.68,Closed,,,,,
10.142.48.68,Open,    10.143.32.89,Closed,,,,,
10.143.32.89,Open,    10.143.32.121,Closed,,,,,
10.143.32.121,Open,    10.143.32.104,Closed,,,,,
10.143.32.104,Open,    10.143.32.117,Closed,,,,,
10.143.32.117,Open,    10.143.44.62,Closed,,,,,
10.143.44.62,Closed,    10.143.32.79,Closed,,,,,
10.143.32.79,Open,    10.143.32.83,Closed,,,,,
10.143.32.83,Open,    10.138.1.231,Closed,,,,,
10.138.1.231,Open,    10.138.1.87,Closed,,,,,
10.138.1.87,Open,    10.145.64.75,Closed,,,,,
10.145.64.75,Open,    10.145.64.113,Closed,,,,,
10.145.64.113,Closed,    10.145.64.115,Closed,,,,,
10.145.64.115,Open,    10.145.64.114,Closed,,,,,
10.145.64.114,Open,    192.168.0.250,Closed,,,,,
192.168.0.250,Closed,    192.168.0.251,Closed,,,,,
192.168.0.251,Closed,    10.145.64.120,Closed,,,,,
10.145.64.120,Open,    192.168.0.253,Closed,,,,,
192.168.0.253,Closed,    10.145.77.10,Closed,,,,,
10.145.77.10,Open,    10.145.64.107,Closed,,,,,
10.145.64.107,Open,    10.145.64.108,Closed,,,,,
10.145.64.108,Open,    10.145.64.109,Closed,,,,,
10.145.64.109,Open,    10.145.64.110,Closed,,,,,
10.145.64.110,Open,    10.138.1.230,Closed,,,,,
10.138.1.230,Open,    10.160.176.78,Closed,,,,,
10.160.176.78,Open,    10.160.176.82,Closed,,,,,
10.160.176.82,Open,    10.160.176.98,Closed,,,,,
10.160.176.98,Open,    10.160.176.99,Closed,,,,,
10.160.176.99,Open,    10.160.176.110,Closed,,,,,
10.160.176.110,Open,    10.160.176.112,Closed,,,,,
10.160.176.112,Closed,    10.160.176.75,Closed,,,,,
10.160.176.75,Open,    10.160.160.104,Closed,,,,,
10.160.160.104,Open,    10.160.160.97,Closed,,,,,
10.160.160.97,Open,    10.160.160.108,Closed,,,,,
10.160.160.108,Open,    10.160.160.109,Closed,,,,,
10.160.160.109,Open,    10.160.160.91,Closed,,,,,
10.160.160.91,Closed,    10.160.240.100,Closed,,,,,
10.160.240.100,Open,    10.160.240.116,Closed,,,,,
10.160.240.116,Open,    10.160.240.117,Closed,,,,,
10.160.240.117,Open,    10.160.240.110,Closed,,,,,
10.160.240.110,Open,    10.160.240.111,Closed,,,,,
10.160.240.111,Closed,    10.160.240.118,Closed,,,,,
10.160.240.118,Open,    10.138.1.97,Closed,,,,,
10.138.1.97,Open,    10.23.144.114,Closed,,,,,
10.23.144.114,Open,    10.138.1.85,Closed,,,,,
10.138.1.85,Open,    10.138.1.9,Closed,,,,,
10.138.1.9,Open,    10.138.1.33,Closed,,,,,
10.138.1.33,Open,    10.138.1.39,Closed,,,,,
10.138.1.39,Open,    10.138.1.41,Closed,,,,,
10.138.1.41,Open,    10.138.1.44,Closed,,,,,
10.138.1.44,Open,    10.138.1.49,Closed,,,,,
10.138.1.49,Closed,    10.138.1.17,Closed,,,,,
10.138.1.17,Open,    10.138.1.29,Closed,,,,,
10.138.1.29,Open,    10.138.1.28,Closed,,,,,
10.138.1.28,Open,    10.138.1.50,Closed,,,,,
10.138.1.50,Open,    10.138.1.30,Closed,,,,,
10.138.1.30,Open,    10.138.1.54,Closed,,,,,
10.138.1.54,Open,    10.138.1.56,Closed,,,,,
10.138.1.56,Open,    10.138.107.106,Closed,,,,,
10.138.107.106,Closed,    172.31.0.2,Closed,,,,,
172.31.0.2,Closed,    191.168.1.111,Closed,,,,,
191.168.1.111,Closed,    10.138.1.84,Closed,,,,,
10.138.1.84,Open,    10.138.1.67,Closed,,,,,
10.138.1.67,Open,    10.138.1.206,Closed,,,,,
10.138.1.206,Open,    10.138.1.207,Closed,,,,,
10.138.1.207,Open,    10.138.1.95,Closed,,,,,
10.138.1.95,Open,    10.138.1.96,Closed,,,,,
10.138.1.96,Open,    10.138.1.69,Closed,,,,,
10.138.1.69,Open,    10.138.1.70,Closed,,,,,
10.138.1.70,Open,    10.138.1.72,Closed,,,,,
10.138.1.72,Open,    10.138.1.68,Closed,,,,,
10.138.1.68,Open,    10.138.1.73,Closed,,,,,
10.138.1.73,Open,    10.138.1.210,Closed,,,,,
10.138.1.210,Open,    10.138.244.18,Closed,,,,,
10.138.244.18,Open,    10.138.1.131,Closed,,,,,
10.138.1.131,Open,    10.138.1.132,Closed,,,,,
10.138.1.132,Open,    10.138.1.133,Closed,,,,,
10.138.1.133,Open,    10.138.1.21,Closed,,,,,
10.138.1.21,Open,    10.138.1.135,Closed,,,,,
10.138.1.135,Open,    10.138.1.211,Closed,,,,,
10.138.1.211,Open,    10.138.1.146,Closed,,,,,
10.138.1.146,Open,    10.138.1.212,Closed,,,,,
10.138.1.212,Open,    10.138.1.213,Closed,,,,,
10.138.1.213,Open,    10.138.1.214,Closed,,,,,
10.138.1.214,Open,    10.138.1.215,Closed,,,,,
10.138.1.215,Open,    10.138.1.176,Closed,,,,,
10.138.1.176,Open,    10.138.1.181,Closed,,,,,
10.138.1.181,Open,    10.138.0.233,Closed,,,,,
10.138.0.233,Open,    10.138.0.234,Closed,,,,,
10.138.0.234,Open,    10.138.1.151,Closed,,,,,
10.138.1.151,Open,    10.138.1.121,Closed,,,,,
10.138.1.121,Open,    10.138.1.76,Closed,,,,,
10.138.1.76,Open,    10.138.1.216,Closed,,,,,
10.138.1.216,Open,    10.138.1.217,Closed,,,,,
10.138.1.217,Open,    10.138.1.219,Closed,,,,,
10.138.1.219,Open,    10.138.1.219,Closed,,,,,
10.138.1.219,Open,    10.138.1.220,Closed,,,,,
10.138.1.220,Closed,    10.138.1.224,Closed,,,,,
10.138.1.224,Open,    10.138.1.226,Closed,,,,,
10.138.1.226,Open,    10.138.1.86,Closed,,,,,
10.138.1.86,Open,    10.138.1.94,Closed,,,,,
10.138.1.94,Open,    10.138.1.105,Closed,,,,,
10.138.1.105,Open,    10.138.1.137,Closed,,,,,
10.138.1.137,Closed,    10.138.1.160,Closed,,,,,
10.138.1.160,Open,    10.138.1.175,Closed,,,,,
10.138.1.175,Open,    10.138.1.108,Closed,,,,,
10.138.1.108,Open,    10.138.1.109,Closed,,,,,
10.138.1.109,Open,    10.138.1.116,Closed,,,,,
10.138.1.116,Open,    10.138.1.120,Closed,,,,,
10.138.1.120,Closed,    10.138.1.134,Closed,,,,,
10.138.1.134,Open,    10.138.1.52,Closed,,,,,
10.138.1.52,Open,    10.138.1.53,Closed,,,,,
10.138.1.53,Open,    10.138.1.59,Closed,,,,,
10.138.1.59,Open,    10.138.1.61,Closed,,,,,
10.138.1.61,Closed,    10.138.1.71,Closed,,,,,
10.138.1.71,Open,    10.138.1.74,Closed,,,,,
10.138.1.74,Open,    192.168.2.45,Closed,,,,,
192.168.2.45,Closed,    192.168.1.45,Closed,,,,,
192.168.1.45,Closed,    169.254.93.50,Closed,,,,,
169.254.93.50,Closed,    nan,Invalid Host,,,,,
nan,Invalid Host,    10.138.0.45,Closed,,,,,
10.138.0.45,Open,"    10.138.0.46,192.168.2.46",Invalid Host,,,,,
"10.138.0.46,192.168.2.46",Invalid Host,    10.138.87.2,Closed,,,,,
10.138.87.2,Open,    10.138.87.3,Closed,,,,,
10.138.87.3,Open,    10.138.87.4,Closed,,,,,
10.138.87.4,Open,    10.138.87.5,Closed,,,,,
10.138.87.5,Closed,    10.138.244.20,Closed,,,,,
10.138.244.20,Closed,    10.138.244.19,Closed,,,,,
10.138.244.19,Open,    10.138.244.21,Closed,,,,,
10.138.244.21,Closed,    10.138.1.55,Closed,,,,,
10.138.1.55,Open,    10.138.1.191,Closed,,,,,
10.138.1.191,Open,    10.138.1.77,Closed,,,,,
10.138.1.77,Open,    10.138.0.60,Closed,,,,,
10.138.0.60,Closed,    10.138.0.83,Closed,,,,,
10.138.0.83,Closed,    10.138.0.83,Closed,,,,,
10.138.0.83,Closed,    10.143.160.119,Closed,,,,,
10.143.160.119,Open,    10.143.160.108,Closed,,,,,
10.143.160.108,Open,    10.143.160.105,Closed,,,,,
10.143.160.105,Open,    10.143.160.109,Closed,,,,,
10.143.160.109,Open,    10.143.160.120,Closed,,,,,
10.143.160.120,Open,    10.143.160.90,Closed,,,,,
10.143.160.90,Open,    10.143.160.86,Closed,,,,,
10.143.160.86,Open,    10.143.160.85,Closed,,,,,
10.143.160.85,Open,    10.143.160.114,Closed,,,,,
10.143.160.114,Closed,    10.143.160.94,Closed,,,,,
10.143.160.94,Open,    10.146.128.75,Closed,,,,,
10.146.128.75,Open,    10.146.128.118,Closed,,,,,
10.146.128.118,Closed,    10.146.128.73,Closed,,,,,
10.146.128.73,Open,    10.146.128.105,Closed,,,,,
10.146.128.105,Open,    10.146.128.82,Closed,,,,,
10.146.128.82,Closed,    10.146.128.109,Closed,,,,,
10.146.128.109,Open,    10.138.1.229,Closed,,,,,
10.138.1.229,Open,    10.143.48.81,Closed,,,,,
10.143.48.81,Open,    10.143.48.91,Closed,,,,,
10.143.48.91,Open,    10.143.48.103,Closed,,,,,
10.143.48.103,Open,    10.143.48.108,Closed,,,,,
10.143.48.108,Open,    10.143.48.116,Closed,,,,,
10.143.48.116,Open,    10.143.90.11,Closed,,,,,
10.143.90.11,Open,    10.143.48.120,Closed,,,,,
10.143.48.120,Open,    10.143.48.121,Closed,,,,,
10.143.48.121,Closed,    10.143.48.74,Closed,,,,,
10.143.48.74,Open,    10.143.48.75,Closed,,,,,
10.143.48.75,Open,    10.143.48.76,Closed,,,,,
10.143.48.76,Open,    10.143.48.78,Closed,,,,,
10.143.48.78,Open,    10.143.48.79,Open,,,,,
10.143.48.79,Open,    10.143.48.104,Closed,,,,,
10.143.48.104,Open,    10.143.48.86,Closed,,,,,
10.143.48.86,Closed,    10.143.48.87,Closed,,,,,
10.143.48.87,Open,    10.142.48.78,Closed,,,,,
10.142.48.78,Open,    10.142.48.79,Closed,,,,,
10.142.48.79,Open,    10.142.48.109,Closed,,,,,
10.142.48.109,Open,    10.142.48.92,Closed,,,,,
10.142.48.92,Open,    10.142.48.76,Closed,,,,,
10.142.48.76,Open,    10.142.48.91,Closed,,,,,
10.142.48.91,Open,    10.142.48.85,Closed,,,,,
10.142.48.85,Open,    10.142.48.80,Closed,,,,,
10.142.48.80,Open,    10.142.48.93,Closed,,,,,
10.142.48.93,Open,    10.142.48.102,Closed,,,,,
10.142.48.102,Open,    10.142.48.103,Closed,,,,,
10.142.48.103,Open,    10.142.48.95,Closed,,,,,
10.142.48.95,Open,    10.142.48.74,Closed,,,,,
10.142.48.74,Open,    10.142.48.71,Closed,,,,,
10.142.48.71,Open,    10.142.48.105,Closed,,,,,
10.142.48.105,Open,    10.142.48.108,Closed,,,,,
10.142.48.108,Open,    10.142.48.116,Closed,,,,,
10.142.48.116,Open,    10.142.90.11,Closed,,,,,
10.142.90.11,Open,    10.142.48.118,Closed,,,,,
10.142.48.118,Open,    10.142.48.119,Closed,,,,,
10.142.48.119,Open,    10.142.48.70,Closed,,,,,
10.142.48.70,Open,    10.142.48.72,Closed,,,,,
10.142.48.72,Open,    10.142.48.73,Closed,,,,,
10.142.48.73,Open,    10.142.90.12,Closed,,,,,
10.142.90.12,Open,    10.142.48.75,Closed,,,,,
10.142.48.75,Open,    10.142.48.112,Closed,,,,,
10.142.48.112,Open,    10.142.90.18,Closed,,,,,
10.142.90.18,Open,    10.142.88.2,Closed,,,,,
10.142.88.2,Open,    10.142.48.90,Closed,,,,,
10.142.48.90,Closed,    10.142.48.100,Closed,,,,,
10.142.48.100,Open,    10.143.32.91,Closed,,,,,
10.143.32.91,Open,    10.143.32.110,Closed,,,,,
10.143.32.110,Open,    10.143.32.98,Closed,,,,,
10.143.32.98,Open,    10.143.32.90,Closed,,,,,
10.143.32.90,Open,    10.143.32.99,Closed,,,,,
10.143.32.99,Open,    10.143.32.92,Closed,,,,,
10.143.32.92,Open,    10.143.32.66,Closed,,,,,
10.143.32.66,Open,    10.143.32.78,Closed,,,,,
10.143.32.78,Open,    10.143.32.67,Closed,,,,,
10.143.32.67,Open,    10.143.32.118,Closed,,,,,
10.143.32.118,Open,    10.143.32.125,Closed,,,,,
10.143.32.125,Open,    10.143.32.93,Closed,,,,,
10.143.32.93,Open,    10.143.32.70,Closed,,,,,
10.143.32.70,Open,    10.143.32.81,Closed,,,,,
10.143.32.81,Open,    10.143.32.73,Closed,,,,,
10.143.32.73,Open,    10.143.32.75,Closed,,,,,
10.143.32.75,Open,    10.143.32.76,Closed,,,,,
10.143.32.76,Open,    10.143.32.77,Closed,,,,,
10.143.32.77,Open,    10.143.32.100,Closed,,,,,
10.143.32.100,Open,    10.143.32.101,Closed,,,,,
10.143.32.101,Open,    10.143.32.102,Closed,,,,,
10.143.32.102,Open,    10.143.32.107,Closed,,,,,
10.143.32.107,Open,    10.143.32.113,Closed,,,,,
10.143.32.113,Open,    10.143.32.85,Closed,,,,,
10.143.32.85,Open,    10.143.32.111,Closed,,,,,
10.143.32.111,Closed,    10.143.32.84,Closed,,,,,
10.143.32.84,Open,    10.138.1.227,Closed,,,,,
10.138.1.227,Open,    10.138.1.42,Closed,,,,,
10.138.1.42,Open,    10.145.64.103,Closed,,,,,
10.145.64.103,Open,    10.145.64.106,Closed,,,,,
10.145.64.106,Open,    10.145.64.72,Closed,,,,,
10.145.64.72,Open,    10.145.64.74,Closed,,,,,
10.145.64.74,Open,    10.145.64.68,Closed,,,,,
10.145.64.68,Closed,    10.145.64.82,Closed,,,,,
10.145.64.82,Open,    10.145.77.11,Closed,,,,,
10.145.77.11,Open,    10.145.64.83,Closed,,,,,
10.145.64.83,Open,    10.145.64.84,Closed,,,,,
10.145.64.84,Open,    10.145.64.85,Closed,,,,,
10.145.64.85,Open,    10.145.64.89,Closed,,,,,
10.145.64.89,Open,    10.145.64.90,Closed,,,,,
10.145.64.90,Open,    10.145.64.70,Closed,,,,,
10.145.64.70,Open,    10.145.64.122,Closed,,,,,
10.145.64.122,Open,    10.145.64.79,Closed,,,,,
10.145.64.79,Open,    10.145.64.94,Closed,,,,,
10.145.64.94,Open,    10.138.1.208,Closed,,,,,
10.138.1.208,Closed,    10.138.1.209,Closed,,,,,
10.138.1.209,Open,    10.182.220.107,Closed,,,,,
10.182.220.107,Closed,    10.138.1.228,Closed,,,,,
10.138.1.228,Open,    10.187.228.104,Closed,,,,,
10.187.228.104,Open,    10.187.228.105,Closed,,,,,
10.187.228.105,Closed,    10.148.96.80,Closed,,,,,
10.148.96.80,Open,    10.148.96.84,Closed,,,,,
10.148.96.84,Open,    10.148.96.85,Closed,,,,,
10.148.96.85,Open,    10.148.96.86,Closed,,,,,
10.148.96.86,Open,    10.148.96.87,Closed,,,,,
10.148.96.87,Open,    10.148.96.81,Closed,,,,,
10.148.96.81,Open,    10.148.96.83,Closed,,,,,
10.148.96.83,Open,    10.148.96.90,Closed,,,,,
10.148.96.90,Closed,    10.148.96.75,Closed,,,,,
10.148.96.75,Open,    10.160.176.70,Closed,,,,,
10.160.176.70,Open,    10.160.176.84,Closed,,,,,
10.160.176.84,Open,    10.160.176.100,Closed,,,,,
10.160.176.100,Open,    10.160.176.101,Closed,,,,,
10.160.176.101,Open,    10.160.176.102,Closed,,,,,
10.160.176.102,Open,    10.160.176.104,Closed,,,,,
10.160.176.104,Open,    10.160.176.83,Closed,,,,,
10.160.176.83,Open,    10.160.176.73,Closed,,,,,
10.160.176.73,Closed,    10.160.176.86,Closed,,,,,
10.160.176.86,Open,    10.160.160.71,Closed,,,,,
10.160.160.71,Open,    10.160.160.77,Closed,,,,,
10.160.160.77,Open,    10.160.160.76,Closed,,,,,
10.160.160.76,Open,    10.160.160.86,Closed,,,,,
10.160.160.86,Open,    10.160.160.87,Closed,,,,,
10.160.160.87,Open,    10.160.160.88,Closed,,,,,
10.160.160.88,Open,    10.160.160.89,Closed,,,,,
10.160.160.89,Open,    10.160.160.92,Closed,,,,,
10.160.160.92,Open,    10.160.160.93,Closed,,,,,
10.160.160.93,Open,    10.160.160.78,Closed,,,,,
10.160.160.78,Open,    10.160.240.78,Closed,,,,,
10.160.240.78,Open,    10.160.240.79,Closed,,,,,
10.160.240.79,Open,    10.160.240.73,Closed,,,,,
10.160.240.73,Open,    10.160.240.81,Closed,,,,,
10.160.240.81,Open,    10.160.240.70,Closed,,,,,
10.160.240.70,Open,    10.160.240.75,Closed,,,,,
10.160.240.75,Closed,    10.160.240.80,Closed,,,,,
10.160.240.80,Open,"    172.26.22.102,fe80",,e8b0,93c,1710,9f4,Invalid Host
"172.26.22.102,fe80",,"    172.26.122.102,fe80",,3d1a,b05b,144a,23ab,Invalid Host
"172.26.122.102,fe80",,    fe80,,8d21,ecc8,7b2b,39ed,Invalid Host
fe80,,    10.143.163.69,Closed,,,,,
10.143.163.69,Open,    10.146.128.122,Closed,,,,,
10.146.128.122,Closed,"    172.26.22.103,fe80",,9024,e93b,f5d3,2c9,Invalid Host
"172.26.22.103,fe80",,    10.138.0.24,Closed,,,,,
10.138.0.24,Open,    10.143.160.80,Closed,,,,,
10.143.160.80,Open,    10.146.128.66,Closed,,,,,
10.146.128.66,Open,    10.143.48.66,Closed,,,,,
10.143.48.66,Open,    10.142.48.67,Closed,,,,,
10.142.48.67,Open,    10.143.32.69,Closed,,,,,
10.143.32.69,Open,    10.145.64.66,Closed,,,,,
10.145.64.66,Open,    10.160.176.66,Closed,,,,,
10.160.176.66,Open,    10.160.160.70,Closed,,,,,
10.160.160.70,Open,    10.160.240.66,Closed,,,,,
10.160.240.66,Open,    10.138.1.249,Closed,,,,,
10.138.1.249,Closed,    10.117.128.93,Closed,,,,,
10.117.128.93,Closed,    10.117.128.103,Closed,,,,,
10.117.128.103,Open,    10.117.128.104,Closed,,,,,
10.117.128.104,Open,    10.117.128.81,Closed,,,,,
10.117.128.81,Open,    10.117.128.110,Closed,,,,,
10.117.128.110,Open,    10.117.128.111,Closed,,,,,
10.117.128.111,Open,    10.117.128.80,Closed,,,,,
10.117.128.80,Open,    10.117.128.109,Closed,,,,,
10.117.128.109,Open,    10.117.128.114,Closed,,,,,
10.117.128.114,Open,    10.117.154.10,Closed,,,,,
10.117.154.10,Open,    10.117.128.68,Closed,,,,,
10.117.128.68,Open,    10.22.16.109,Closed,,,,,
10.22.16.109,Open,    10.22.16.120,Closed,,,,,
10.22.16.120,Open,    10.22.16.121,Closed,,,,,
10.22.16.121,Open,    10.22.16.123,Closed,,,,,
10.22.16.123,Open,    10.22.32.110,Closed,,,,,
10.22.32.110,Closed,    10.22.32.107,Closed,,,,,
10.22.32.107,Open,    10.22.32.104,Closed,,,,,
10.22.32.104,Closed,    10.22.32.105,Closed,,,,,
10.22.32.105,Open,    10.22.32.120,Closed,,,,,
10.22.32.120,Open,    10.22.46.30,Closed,,,,,
10.22.46.30,Closed,    10.22.48.120,Closed,,,,,
10.22.48.120,Open,    10.22.48.104,Closed,,,,,
10.22.48.104,Open,    10.22.48.107,Closed,,,,,
10.22.48.107,Open,    10.22.48.123,Closed,,,,,
10.22.48.123,Open,    10.22.48.75,Closed,,,,,
10.22.48.75,Open,    10.22.64.104,Closed,,,,,
10.22.64.104,Open,"    169.254.196.40,169.254.228.236,10.22.64.120",Invalid Host,,,,,
"169.254.196.40,169.254.228.236,10.22.64.120",Invalid Host,    10.22.77.148,Closed,,,,,
10.22.77.148,Closed,    10.22.78.144,Closed,,,,,
10.22.78.144,Closed,    10.22.64.122,Closed,,,,,
10.22.64.122,Open,    10.22.64.123,Closed,,,,,
10.22.64.123,Open,    10.63.216.2,Closed,,,,,
10.63.216.2,Open,    10.69.112.107,Closed,,,,,
10.69.112.107,Open,    10.69.112.121,Closed,,,,,
10.69.112.121,Open,    10.69.126.9,Closed,,,,,
10.69.126.9,Open,    10.69.126.10,Closed,,,,,
10.69.126.10,Open,    10.69.112.96,Closed,,,,,
10.69.112.96,Open,    10.69.112.120,Closed,,,,,
10.69.112.120,Open,    10.69.126.61,Closed,,,,,
10.69.126.61,Open,    10.69.128.111,Closed,,,,,
10.69.128.111,Open,"    169.254.99.115,169.254.155.119,10.69.128.120",Invalid Host,,,,,
"169.254.99.115,169.254.155.119,10.69.128.120",Invalid Host,    10.69.142.9,Closed,,,,,
10.69.142.9,Open,    172.25.92.126,Closed,,,,,
172.25.92.126,Closed,    10.69.128.96,Closed,,,,,
10.69.128.96,Open,    10.68.128.121,Closed,,,,,
10.68.128.121,Closed,    10.69.128.124,Closed,,,,,
10.69.128.124,Open,    10.69.128.104,Closed,,,,,
10.69.128.104,Open,    10.22.80.95,Closed,,,,,
10.22.80.95,Open,    10.22.84.4,Closed,,,,,
10.22.84.4,Open,"    169.254.85.30,169.254.108.151,10.22.80.120",Invalid Host,,,,,
"169.254.85.30,169.254.108.151,10.22.80.120",Invalid Host,    10.22.80.123,Closed,,,,,
10.22.80.123,Open,    10.22.89.205,Closed,,,,,
10.22.89.205,Closed,    10.22.80.125,Closed,,,,,
10.22.80.125,Open,    10.22.84.101,Closed,,,,,
10.22.84.101,Open,    10.21.128.107,Closed,,,,,
10.21.128.107,Open,    10.21.128.105,Closed,,,,,
10.21.128.105,Open,    10.21.128.126,Closed,,,,,
10.21.128.126,Open,    10.21.128.109,Closed,,,,,
10.21.128.109,Open,    10.21.128.110,Closed,,,,,
10.21.128.110,Open,    10.21.128.120,Closed,,,,,
10.21.128.120,Open,    10.21.128.123,Closed,,,,,
10.21.128.123,Open,    10.21.128.111,Closed,,,,,
10.21.128.111,Open,    10.17.144.104,Closed,,,,,
10.17.144.104,Open,    10.17.144.120,Closed,,,,,
10.17.144.120,Open,    192.168.4.253,Closed,,,,,
192.168.4.253,Closed,    10.17.144.123,Closed,,,,,
10.17.144.123,Open,    10.17.158.249,Closed,,,,,
10.17.158.249,Open,    10.67.181.96,Closed,,,,,
10.67.181.96,Open,    10.67.181.75,Closed,,,,,
10.67.181.75,Open,    10.67.181.106,Closed,,,,,
10.67.181.106,Open,    10.67.181.123,Closed,,,,,
10.67.181.123,Open,    10.67.181.94,Closed,,,,,
10.67.181.94,Open,    10.67.181.99,Closed,,,,,
10.67.181.99,Open,    10.67.181.100,Closed,,,,,
10.67.181.100,Open,    10.67.181.102,Closed,,,,,
10.67.181.102,Open,    10.67.181.105,Closed,,,,,
10.67.181.105,Open,    10.22.28.34,Closed,,,,,
10.22.28.34,Closed,    10.17.158.252,Closed,,,,,
10.17.158.252,Open,    10.22.60.45,Closed,,,,,
10.22.60.45,Open,"    169.254.63.21,fe80",,6d84,6770,89fc,3f15,Invalid Host
"169.254.63.21,fe80",,    10.17.158.249,Closed,,,,,
10.17.158.249,Open,    10.22.16.88,Closed,,,,,
10.22.16.88,Open,    10.22.16.89,Closed,,,,,
10.22.16.89,Open,    10.22.16.110,Closed,,,,,
10.22.16.110,Open,    10.22.16.75,Closed,,,,,
10.22.16.75,Open,    10.63.122.10,Closed,,,,,
10.63.122.10,Open,    10.22.16.114,Closed,,,,,
10.22.16.114,Open,    10.63.120.2,Closed,,,,,
10.63.120.2,Open,    10.22.32.88,Closed,,,,,
10.22.32.88,Open,    10.22.32.89,Closed,,,,,
10.22.32.89,Open,    10.22.32.75,Closed,,,,,
10.22.32.75,Open,    10.22.32.76,Closed,,,,,
10.22.32.76,Closed,    10.22.32.124,Closed,,,,,
10.22.32.124,Closed,    10.22.48.95,Closed,,,,,
10.22.48.95,Open,    10.22.48.88,Closed,,,,,
10.22.48.88,Open,    10.22.48.89,Closed,,,,,
10.22.48.89,Open,    10.22.48.125,Closed,,,,,
10.22.48.125,Open,    10.22.48.97,Closed,,,,,
10.22.48.97,Open,    10.22.48.121,Closed,,,,,
10.22.48.121,Open,    10.22.48.73,Closed,,,,,
10.22.48.73,Open,    10.22.48.74,Closed,,,,,
10.22.48.74,Open,    10.22.48.76,Closed,,,,,
10.22.48.76,Open,    10.63.186.10,Closed,,,,,
10.63.186.10,Open,    10.22.48.78,Closed,,,,,
10.22.48.78,Open,    10.22.48.79,Closed,,,,,
10.22.48.79,Open,    10.63.184.6,Closed,,,,,
10.63.184.6,Open,    10.22.48.80,Closed,,,,,
10.22.48.80,Open,    10.22.48.81,Closed,,,,,
10.22.48.81,Open,    10.22.48.82,Closed,,,,,
10.22.48.82,Open,    10.63.186.11,Closed,,,,,
10.63.186.11,Open,    10.22.48.84,Closed,,,,,
10.22.48.84,Open,    10.22.48.126,Closed,,,,,
10.22.48.126,Open,    10.63.218.13,Closed,,,,,
10.63.218.13,Open,    10.63.218.11,Closed,,,,,
10.63.218.11,Open,    10.22.64.84,Closed,,,,,
10.22.64.84,Open,    10.22.64.88,Closed,,,,,
10.22.64.88,Open,    10.22.64.89,Closed,,,,,
10.22.64.89,Open,    10.63.218.14,Closed,,,,,
10.63.218.14,Open,    10.22.64.73,Closed,,,,,
10.22.64.73,Open,    10.22.64.74,Closed,,,,,
10.22.64.74,Open,    10.22.64.75,Closed,,,,,
10.22.64.75,Open,    10.63.218.10,Closed,,,,,
10.63.218.10,Open,    10.22.64.77,Closed,,,,,
10.22.64.77,Open,    10.22.64.78,Closed,,,,,
10.22.64.78,Open,    10.22.64.79,Closed,,,,,
10.22.64.79,Open,    10.22.64.80,Closed,,,,,
10.22.64.80,Open,    10.22.64.81,Closed,,,,,
10.22.64.81,Open,    10.22.64.82,Closed,,,,,
10.22.64.82,Open,    10.22.64.83,Closed,,,,,
10.22.64.83,Open,    10.63.218.12,Closed,,,,,
10.63.218.12,Open,    10.69.112.88,Closed,,,,,
10.69.112.88,Open,    10.69.112.89,Closed,,,,,
10.69.112.89,Open,    10.69.112.125,Closed,,,,,
10.69.112.125,Open,    10.69.112.75,Closed,,,,,
10.69.112.75,Open,    10.69.112.76,Closed,,,,,
10.69.112.76,Open,    10.69.112.126,Closed,,,,,
10.69.112.126,Open,    10.69.128.88,Closed,,,,,
10.69.128.88,Open,    10.69.128.89,Closed,,,,,
10.69.128.89,Open,    10.69.128.125,Closed,,,,,
10.69.128.125,Open,    10.69.128.73,Closed,,,,,
10.69.128.73,Open,    10.69.128.74,Closed,,,,,
10.69.128.74,Open,    10.69.128.75,Closed,,,,,
10.69.128.75,Open,    10.71.58.10,Closed,,,,,
10.71.58.10,Open,    10.69.128.77,Closed,,,,,
10.69.128.77,Open,    10.69.128.78,Closed,,,,,
10.69.128.78,Open,    10.71.56.2,Closed,,,,,
10.71.56.2,Open,    10.69.128.79,Closed,,,,,
10.69.128.79,Open,    10.69.128.80,Closed,,,,,
10.69.128.80,Open,    10.69.128.81,Closed,,,,,
10.69.128.81,Open,    10.71.58.18,Closed,,,,,
10.71.58.18,Open,    10.69.128.83,Closed,,,,,
10.69.128.83,Open,    10.69.128.126,Closed,,,,,
10.69.128.126,Open,    10.22.80.88,Closed,,,,,
10.22.80.88,Open,    10.22.80.89,Closed,,,,,
10.22.80.89,Open,    10.22.80.121,Closed,,,,,
10.22.80.121,Open,    10.22.82.108,Closed,,,,,
10.22.82.108,Open,    10.22.80.100,Closed,,,,,
10.22.80.100,Open,    10.22.94.10,Closed,,,,,
10.22.94.10,Closed,    10.63.248.2,Closed,,,,,
10.63.248.2,Open,    10.22.80.96,Closed,,,,,
10.22.80.96,Open,    10.21.128.88,Closed,,,,,
10.21.128.88,Open,    10.21.128.89,Closed,,,,,
10.21.128.89,Open,    10.21.128.73,Closed,,,,,
10.21.128.73,Open,    10.21.128.74,Closed,,,,,
10.21.128.74,Open,    10.21.128.75,Closed,,,,,
10.21.128.75,Open,    10.21.128.76,Closed,,,,,
10.21.128.76,Closed,    10.21.128.77,Closed,,,,,
10.21.128.77,Open,    10.21.128.78,Closed,,,,,
10.21.128.78,Open,    10.21.128.99,Closed,,,,,
10.21.128.99,Open,    10.21.130.40,Closed,,,,,
10.21.130.40,Open,    10.21.128.79,Closed,,,,,
10.21.128.79,Open,    10.21.128.80,Closed,,,,,
10.21.128.80,Open,    10.21.128.81,Closed,,,,,
10.21.128.81,Open,    10.21.128.82,Closed,,,,,
10.21.128.82,Closed,    10.21.128.83,Closed,,,,,
10.21.128.83,Open,    10.17.144.88,Closed,,,,,
10.17.144.88,Open,    10.17.144.89,Closed,,,,,
10.17.144.89,Open,    10.17.144.75,Closed,,,,,
10.17.144.75,Open,    10.63.26.10,Closed,,,,,
10.63.26.10,Open,    10.63.24.2,Closed,,,,,
10.63.24.2,Open,    10.67.181.120,Closed,,,,,
10.67.181.120,Open,    10.67.181.78,Closed,,,,,
10.67.181.78,Open,    10.67.181.79,Closed,,,,,
10.67.181.79,Open,    10.67.181.77,Closed,,,,,
10.67.181.77,Open,    10.67.181.76,Closed,,,,,
10.67.181.76,Open,    10.67.181.108,Closed,,,,,
10.67.181.108,Open,    10.67.181.121,Closed,,,,,
10.67.181.121,Closed,"    10.22.28.6,fe80",,8d6f,3276,2256,a22c,Invalid Host
"10.22.28.6,fe80",,    10.67.164.16,Closed,,,,,
10.67.164.16,Closed,    10.22.32.69,Closed,,,,,
10.22.32.69,Closed,    10.22.16.66,Closed,,,,,
10.22.16.66,Open,    10.22.32.66,Closed,,,,,
10.22.32.66,Open,    10.22.48.66,Closed,,,,,
10.22.48.66,Open,    10.22.64.66,Closed,,,,,
10.22.64.66,Open,    10.69.112.66,Closed,,,,,
10.69.112.66,Open,    10.69.128.66,Closed,,,,,
10.69.128.66,Open,    10.22.80.66,Closed,,,,,
10.22.80.66,Open,    10.21.128.66,Closed,,,,,
10.21.128.66,Open,    10.17.144.66,Closed,,,,,
10.17.144.66,Open,    10.67.181.67,Closed,,,,,
10.67.181.67,Open,    10.29.183.130,Closed,,,,,
10.29.183.130,Open,    10.29.183.151,Closed,,,,,
10.29.183.151,Open,    10.29.183.160,Closed,,,,,
10.29.183.160,Open,    10.29.183.166,Closed,,,,,
10.29.183.166,Open,    10.29.183.183,Closed,,,,,
10.29.183.183,Open,    10.22.240.110,Closed,,,,,
10.22.240.110,Open,    10.22.240.89,Closed,,,,,
10.22.240.89,Open,    10.22.240.108,Closed,,,,,
10.22.240.108,Open,    10.22.240.111,Closed,,,,,
10.22.240.111,Open,    10.22.240.113,Closed,,,,,
10.22.240.113,Open,    10.22.240.115,Closed,,,,,
10.22.240.115,Open,    10.22.240.107,Closed,,,,,
10.22.240.107,Open,    10.22.240.106,Closed,,,,,
10.22.240.106,Open,    10.62.90.10,Closed,,,,,
10.62.90.10,Open,    10.22.240.112,Closed,,,,,
10.22.240.112,Open,    10.22.240.116,Closed,,,,,
10.22.240.116,Open,    10.22.240.117,Closed,,,,,
10.22.240.117,Open,    10.23.160.103,Closed,,,,,
10.23.160.103,Open,    10.62.184.2,Closed,,,,,
10.62.184.2,Closed,    10.23.160.75,Closed,,,,,
10.23.160.75,Open,    10.23.160.107,Closed,,,,,
10.23.160.107,Open,    10.23.160.74,Closed,,,,,
10.23.160.74,Open,    10.23.160.109,Closed,,,,,
10.23.160.109,Open,    10.23.160.124,Closed,,,,,
10.23.160.124,Open,    10.105.64.190,Closed,,,,,
10.105.64.190,Open,    10.23.224.103,Closed,,,,,
10.23.224.103,Open,    10.23.224.105,Closed,,,,,
10.23.224.105,Open,    10.23.224.109,Closed,,,,,
10.23.224.109,Open,    10.23.224.112,Closed,,,,,
10.23.224.112,Open,    10.23.224.75,Closed,,,,,
10.23.224.75,Open,    10.23.224.108,Closed,,,,,
10.23.224.108,Open,    10.23.224.110,Closed,,,,,
10.23.224.110,Open,    10.23.176.120,Closed,,,,,
10.23.176.120,Closed,    10.23.176.115,Closed,,,,,
10.23.176.115,Open,    10.23.176.113,Closed,,,,,
10.23.176.113,Closed,    10.23.176.111,Closed,,,,,
10.23.176.111,Open,    10.23.176.123,Closed,,,,,
10.23.176.123,Open,    10.39.64.103,Closed,,,,,
10.39.64.103,Open,    10.23.112.105,Closed,,,,,
10.23.112.105,Open,    10.23.112.112,Closed,,,,,
10.23.112.112,Open,    10.23.112.108,Closed,,,,,
10.23.112.108,Open,    10.23.112.91,Closed,,,,,
10.23.112.91,Open,    10.23.144.103,Closed,,,,,
10.23.144.103,Open,    10.23.144.112,Closed,,,,,
10.23.144.112,Open,    10.23.144.115,Closed,,,,,
10.23.144.115,Open,    10.23.144.122,Closed,,,,,
10.23.144.122,Open,    10.23.144.125,Closed,,,,,
10.23.144.125,Open,    10.23.144.116,Closed,,,,,
10.23.144.116,Open,    10.23.192.103,Closed,,,,,
10.23.192.103,Open,    10.61.48.2,Closed,,,,,
10.61.48.2,Open,    10.61.52.27,Closed,,,,,
10.61.52.27,Closed,    10.23.192.79,Closed,,,,,
10.23.192.79,Closed,    10.23.192.88,Closed,,,,,
10.23.192.88,Open,    10.61.52.28,Closed,,,,,
10.61.52.28,Open,    10.23.192.108,Closed,,,,,
10.23.192.108,Open,    10.23.192.74,Closed,,,,,
10.23.192.74,Open,    10.61.52.10,Closed,,,,,
10.61.52.10,Open,    10.23.192.109,Closed,,,,,
10.23.192.109,Open,    10.23.192.80,Closed,,,,,
10.23.192.80,Open,    10.23.192.116,Closed,,,,,
10.23.192.116,Closed,    10.23.192.71,Closed,,,,,
10.23.192.71,Open,    10.23.192.115,Closed,,,,,
10.23.192.115,Open,    10.61.52.26,Closed,,,,,
10.61.52.26,Open,    10.23.0.103,Closed,,,,,
10.23.0.103,Open,    10.23.0.105,Closed,,,,,
10.23.0.105,Open,    10.23.0.117,Closed,,,,,
10.23.0.117,Open,    10.23.26.10,Closed,,,,,
10.23.26.10,Open,    10.23.0.118,Closed,,,,,
10.23.0.118,Open,    10.23.0.111,Closed,,,,,
10.23.0.111,Open,    10.23.0.69,Closed,,,,,
10.23.0.69,Closed,    10.22.208.103,Closed,,,,,
10.22.208.103,Open,    10.22.208.104,Closed,,,,,
10.22.208.104,Open,    10.22.208.109,Closed,,,,,
10.22.208.109,Open,    10.22.208.108,Closed,,,,,
10.22.208.108,Open,    10.22.208.105,Closed,,,,,
10.22.208.105,Open,    10.22.224.103,Closed,,,,,
10.22.224.103,Open,    10.22.224.109,Closed,,,,,
10.22.224.109,Open,    10.22.224.110,Closed,,,,,
10.22.224.110,Open,    10.22.224.112,Closed,,,,,
10.22.224.112,Open,    10.22.224.76,Closed,,,,,
10.22.224.76,Open,    10.22.224.78,Closed,,,,,
10.22.224.78,Open,    10.62.58.10,Closed,,,,,
10.62.58.10,Open,    10.22.224.120,Closed,,,,,
10.22.224.120,Open,    10.22.224.107,Closed,,,,,
10.22.224.107,Open,    10.22.224.80,Closed,,,,,
10.22.224.80,Open,    10.23.240.103,Closed,,,,,
10.23.240.103,Open,    10.23.240.75,Closed,,,,,
10.23.240.75,Open,    10.23.240.108,Closed,,,,,
10.23.240.108,Open,    10.23.240.105,Closed,,,,,
10.23.240.105,Open,    10.23.240.74,Closed,,,,,
10.23.240.74,Open,    10.23.240.120,Closed,,,,,
10.23.240.120,Open,    10.23.48.103,Closed,,,,,
10.23.48.103,Open,    10.23.48.109,Closed,,,,,
10.23.48.109,Open,    10.23.48.106,Closed,,,,,
10.23.48.106,Closed,    10.23.48.112,Closed,,,,,
10.23.48.112,Open,    nan,Invalid Host,,,,,
nan,Invalid Host,    10.16.192.70,Closed,,,,,
10.16.192.70,Open,    10.16.192.81,Closed,,,,,
10.16.192.81,Open,    10.16.192.69,Closed,,,,,
10.16.192.69,Open,    10.16.218.10,Closed,,,,,
10.16.218.10,Open,    10.16.192.77,Closed,,,,,
10.16.192.77,Open,    10.21.80.72,Closed,,,,,
10.21.80.72,Open,    10.21.80.108,Closed,,,,,
10.21.80.108,Open,    10.21.80.75,Closed,,,,,
10.21.80.75,Open,    10.21.80.120,Closed,,,,,
10.21.80.120,Open,    10.21.80.110,Closed,,,,,
10.21.80.110,Open,    10.21.80.111,Closed,,,,,
10.21.80.111,Open,    nan,Invalid Host,,,,,
nan,Invalid Host,    10.21.48.66,Closed,,,,,
10.21.48.66,Open,    10.21.48.67,Closed,,,,,
10.21.48.67,Open,    10.21.48.79,Closed,,,,,
10.21.48.79,Open,    10.21.48.70,Closed,,,,,
10.21.48.70,Open,    10.21.48.90,Closed,,,,,
10.21.48.90,Open,    10.21.48.81,Closed,,,,,
10.21.48.81,Open,    10.21.48.71,Closed,,,,,
10.21.48.71,Open,    10.21.48.72,Closed,,,,,
10.21.48.72,Open,    10.21.48.73,Closed,,,,,
10.21.48.73,Open,    10.21.48.74,Closed,,,,,
10.21.48.74,Open,    10.63.58.10,Closed,,,,,
10.63.58.10,Open,    10.21.48.108,Closed,,,,,
10.21.48.108,Open,    10.21.48.101,Closed,,,,,
10.21.48.101,Open,    10.21.48.106,Open,,,,,
10.21.48.106,Open,    10.21.48.82,Closed,,,,,
10.21.48.82,Open,    10.21.48.91,Closed,,,,,
10.21.48.91,Open,    10.21.48.93,Closed,,,,,
10.21.48.93,Open,    10.21.48.94,Closed,,,,,
10.21.48.94,Open,    10.21.48.78,Closed,,,,,
10.21.48.78,Open,    10.40.16.66,Closed,,,,,
10.40.16.66,Open,    10.40.16.68,Closed,,,,,
10.40.16.68,Open,    10.40.16.70,Closed,,,,,
10.40.16.70,Open,    10.40.16.73,Closed,,,,,
10.40.16.73,Open,    10.40.16.78,Closed,,,,,
10.40.16.78,Open,    10.40.16.79,Closed,,,,,
10.40.16.79,Open,    10.40.16.80,Closed,,,,,
10.40.16.80,Open,    10.40.16.83,Closed,,,,,
10.40.16.83,Open,    10.47.66.103,Closed,,,,,
10.47.66.103,Open,    10.47.66.104,Closed,,,,,
10.47.66.104,Open,    10.22.240.109,Closed,,,,,
10.22.240.109,Open,    10.22.240.67,Closed,,,,,
10.22.240.67,Open,    10.22.240.91,Closed,,,,,
10.22.240.91,Open,    10.62.90.18,Closed,,,,,
10.62.90.18,Open,    10.62.90.11,Closed,,,,,
10.62.90.11,Open,    10.22.240.71,Closed,,,,,
10.22.240.71,Open,    10.22.240.70,Closed,,,,,
10.22.240.70,Open,    10.22.240.73,Closed,,,,,
10.22.240.73,Open,    10.22.240.72,Closed,,,,,
10.22.240.72,Open,    10.22.240.76,Closed,,,,,
10.22.240.76,Open,    10.22.240.75,Open,,,,,
10.22.240.75,Open,    10.22.240.118,Closed,,,,,
10.22.240.118,Open,    10.22.240.78,Closed,,,,,
10.22.240.78,Open,    10.22.240.77,Open,,,,,
10.22.240.77,Open,    10.22.240.119,Closed,,,,,
10.22.240.119,Open,    10.22.240.125,Closed,,,,,
10.22.240.125,Open,    10.22.240.81,Closed,,,,,
10.22.240.81,Open,    10.22.240.82,Closed,,,,,
10.22.240.82,Open,    10.23.160.101,Closed,,,,,
10.23.160.101,Open,    10.62.186.26,Closed,,,,,
10.62.186.26,Open,    10.62.186.10,Closed,,,,,
10.62.186.10,Open,    10.23.160.67,Closed,,,,,
10.23.160.67,Open,    10.23.160.68,Closed,,,,,
10.23.160.68,Open,    10.23.160.93,Closed,,,,,
10.23.160.93,Open,    10.23.160.77,Closed,,,,,
10.23.160.77,Open,    10.23.160.90,Closed,,,,,
10.23.160.90,Open,    10.23.160.78,Closed,,,,,
10.23.160.78,Open,    10.23.160.94,Closed,,,,,
10.23.160.94,Open,    10.23.160.94,Closed,,,,,
10.23.160.94,Open,    10.23.160.79,Closed,,,,,
10.23.160.79,Open,    10.23.160.99,Closed,,,,,
10.23.160.99,Open,    10.23.160.76,Closed,,,,,
10.23.160.76,Open,    10.23.160.100,Closed,,,,,
10.23.160.100,Open,    10.23.160.69,Closed,,,,,
10.23.160.69,Open,    10.23.160.125,Closed,,,,,
10.23.160.125,Open,    10.62.186.27,Closed,,,,,
10.62.186.27,Open,    10.62.186.28,Closed,,,,,
10.62.186.28,Open,    10.23.224.101,Closed,,,,,
10.23.224.101,Open,    10.23.224.80,Closed,,,,,
10.23.224.80,Open,    10.23.224.68,Closed,,,,,
10.23.224.68,Open,    10.23.224.67,Closed,,,,,
10.23.224.67,Open,    10.23.224.70,Closed,,,,,
10.23.224.70,Open,    10.23.224.69,Closed,,,,,
10.23.224.69,Open,    10.23.224.72,Closed,,,,,
10.23.224.72,Open,    10.23.224.71,Closed,,,,,
10.23.224.71,Open,    10.23.224.74,Closed,,,,,
10.23.224.74,Open,    10.23.224.73,Closed,,,,,
10.23.224.73,Open,    10.23.224.77,Closed,,,,,
10.23.224.77,Open,    10.23.224.76,Closed,,,,,
10.23.224.76,Open,    10.23.224.79,Closed,,,,,
10.23.224.79,Closed,    10.23.224.78,Closed,,,,,
10.23.224.78,Open,    10.23.176.116,Closed,,,,,
10.23.176.116,Open,    10.23.176.67,Closed,,,,,
10.23.176.67,Open,    10.23.176.91,Closed,,,,,
10.23.176.91,Open,    10.23.176.68,Closed,,,,,
10.23.176.68,Open,    10.23.176.71,Closed,,,,,
10.23.176.71,Open,    10.23.176.72,Closed,,,,,
10.23.176.72,Open,    10.23.112.111,Closed,,,,,
10.23.112.111,Open,    10.23.112.83,Closed,,,,,
10.23.112.83,Open,    10.23.112.70,Closed,,,,,
10.23.112.70,Open,    10.23.112.93,Closed,,,,,
10.23.112.93,Open,    10.23.112.71,Closed,,,,,
10.23.112.71,Open,    10.23.112.96,Closed,,,,,
10.23.112.96,Open,    10.23.112.96,Closed,,,,,
10.23.112.96,Open,    10.23.112.72,Closed,,,,,
10.23.112.72,Open,    10.23.112.97,Closed,,,,,
10.23.112.97,Open,    10.23.112.73,Closed,,,,,
10.23.112.73,Open,    10.23.112.98,Closed,,,,,
10.23.112.98,Open,    10.23.112.79,Closed,,,,,
10.23.112.79,Open,    10.23.112.99,Closed,,,,,
10.23.112.99,Open,    10.23.112.99,Closed,,,,,
10.23.112.99,Open,    10.23.112.80,Closed,,,,,
10.23.112.80,Open,    10.23.112.101,Closed,,,,,
10.23.112.101,Open,    10.23.112.101,Closed,,,,,
10.23.112.101,Open,    10.23.112.113,Closed,,,,,
10.23.112.113,Open,    10.23.112.116,Closed,,,,,
10.23.112.116,Open,    10.23.112.114,Closed,,,,,
10.23.112.114,Open,    10.23.112.117,Closed,,,,,
10.23.112.117,Open,    10.23.112.115,Closed,,,,,
10.23.112.115,Open,    10.23.144.101,Closed,,,,,
10.23.144.101,Open,    10.62.152.2,Closed,,,,,
10.62.152.2,Open,    10.23.144.69,Closed,,,,,
10.23.144.69,Open,    10.23.144.110,Closed,,,,,
10.23.144.110,Open,    10.23.144.71,Closed,,,,,
10.23.144.71,Open,    10.62.154.10,Closed,,,,,
10.62.154.10,Open,    10.23.144.77,Closed,,,,,
10.23.144.77,Open,    10.23.144.72,Closed,,,,,
10.23.144.72,Open,    10.23.144.79,Closed,,,,,
10.23.144.79,Open,    10.23.144.78,Closed,,,,,
10.23.144.78,Open,    10.23.144.82,Closed,,,,,
10.23.144.82,Open,    10.23.144.81,Closed,,,,,
10.23.144.81,Open,    10.23.144.67,Closed,,,,,
10.23.144.67,Open,    10.23.144.86,Closed,,,,,
10.23.144.86,Open,    10.23.144.102,Closed,,,,,
10.23.144.102,Open,    10.23.144.68,Closed,,,,,
10.23.144.68,Open,    10.23.144.91,Closed,,,,,
10.23.144.91,Open,    10.23.144.92,Closed,,,,,
10.23.144.92,Open,    10.23.192.118,Closed,,,,,
10.23.192.118,Open,    10.23.192.96,Closed,,,,,
10.23.192.96,Open,    10.61.52.18,Closed,,,,,
10.61.52.18,Open,    10.61.52.11,Closed,,,,,
10.61.52.11,Open,    10.23.192.120,Closed,,,,,
10.23.192.120,Open,    10.23.192.91,Closed,,,,,
10.23.192.91,Closed,    10.23.192.124,Closed,,,,,
10.23.192.124,Open,    10.23.192.92,Closed,,,,,
10.23.192.92,Open,    10.23.192.125,Closed,,,,,
10.23.192.125,Open,    10.23.192.93,Closed,,,,,
10.23.192.93,Open,    10.23.192.81,Closed,,,,,
10.23.192.81,Open,    10.23.192.126,Closed,,,,,
10.23.192.126,Open,    10.23.192.94,Closed,,,,,
10.23.192.94,Closed,    10.23.192.82,Closed,,,,,
10.23.192.82,Open,    10.23.192.104,Closed,,,,,
10.23.192.104,Closed,    10.23.192.105,Closed,,,,,
10.23.192.105,Closed,    10.23.0.94,Closed,,,,,
10.23.0.94,Open,    10.23.0.95,Closed,,,,,
10.23.0.95,Open,    10.23.0.101,Closed,,,,,
10.23.0.101,Open,    10.23.0.73,Closed,,,,,
10.23.0.73,Open,    10.23.0.67,Closed,,,,,
10.23.0.67,Open,    10.23.0.113,Closed,,,,,
10.23.0.113,Open,    10.23.0.68,Closed,,,,,
10.23.0.68,Open,    10.23.0.81,Closed,,,,,
10.23.0.81,Open,    10.23.0.71,Closed,,,,,
10.23.0.71,Open,    10.23.0.70,Closed,,,,,
10.23.0.70,Open,    10.23.0.74,Closed,,,,,
10.23.0.74,Open,    10.23.0.72,Closed,,,,,
10.23.0.72,Open,    10.23.0.76,Closed,,,,,
10.23.0.76,Open,    10.23.0.75,Closed,,,,,
10.23.0.75,Open,    10.23.0.80,Closed,,,,,
10.23.0.80,Open,    10.23.0.77,Closed,,,,,
10.23.0.77,Open,    10.23.0.114,Closed,,,,,
10.23.0.114,Open,    10.23.0.115,Closed,,,,,
10.23.0.115,Open,    10.22.208.101,Closed,,,,,
10.22.208.101,Open,    10.22.208.83,Closed,,,,,
10.22.208.83,Open,    10.22.208.67,Closed,,,,,
10.22.208.67,Open,    10.22.208.73,Closed,,,,,
10.22.208.73,Open,    10.22.208.68,Closed,,,,,
10.22.208.68,Open,    10.22.208.71,Closed,,,,,
10.22.208.71,Open,    10.22.208.72,Closed,,,,,
10.22.208.72,Open,    10.22.224.67,Closed,,,,,
10.22.224.67,Open,    10.22.224.68,Closed,,,,,
10.22.224.68,Open,    10.22.224.69,Closed,,,,,
10.22.224.69,Open,    10.22.224.70,Closed,,,,,
10.22.224.70,Open,    10.23.240.101,Closed,,,,,
10.23.240.101,Open,    10.23.240.69,Closed,,,,,
10.23.240.69,Closed,    10.23.240.77,Closed,,,,,
10.23.240.77,Open,    10.23.240.70,Closed,,,,,
10.23.240.70,Closed,    10.23.240.86,Closed,,,,,
10.23.240.86,Open,    10.23.240.72,Closed,,,,,
10.23.240.72,Closed,    10.23.240.71,Closed,,,,,
10.23.240.71,Open,    10.23.240.76,Closed,,,,,
10.23.240.76,Closed,    10.23.240.73,Closed,,,,,
10.23.240.73,Open,    10.23.240.79,Closed,,,,,
10.23.240.79,Closed,    10.23.240.78,Closed,,,,,
10.23.240.78,Open,    10.23.240.67,Closed,,,,,
10.23.240.67,Open,    10.23.240.81,Closed,,,,,
10.23.240.81,Closed,    10.23.240.80,Closed,,,,,
10.23.240.80,Open,    10.23.240.68,Closed,,,,,
10.23.240.68,Open,    10.23.240.84,Closed,,,,,
10.23.240.84,Open,    10.23.240.85,Closed,,,,,
10.23.240.85,Open,    10.23.240.109,Closed,,,,,
10.23.240.109,Open,    10.23.48.101,Closed,,,,,
10.23.48.101,Open,    10.23.48.67,Closed,,,,,
10.23.48.67,Open,    10.23.48.110,Closed,,,,,
10.23.48.110,Open,    10.23.48.69,Closed,,,,,
10.23.48.69,Closed,    10.23.48.68,Closed,,,,,
10.23.48.68,Closed,    10.23.48.71,Closed,,,,,
10.23.48.71,Closed,    10.23.48.70,Closed,,,,,
10.23.48.70,Open,    10.23.48.73,Closed,,,,,
10.23.48.73,Open,    10.23.48.72,Closed,,,,,
10.23.48.72,Open,    10.23.48.75,Closed,,,,,
10.23.48.75,Open,    10.23.48.74,Closed,,,,,
10.23.48.74,Open,    10.23.48.77,Closed,,,,,
10.23.48.77,Open,    10.23.48.76,Closed,,,,,
10.23.48.76,Open,    10.23.48.116,Closed,,,,,
10.23.48.116,Open,    10.23.48.114,Closed,,,,,
10.23.48.114,Open,    10.23.48.117,Closed,,,,,
10.23.48.117,Open,    10.23.48.115,Closed,,,,,
10.23.48.115,Open,    10.23.48.125,Closed,,,,,
10.23.48.125,Open,    10.23.48.107,Closed,,,,,
10.23.48.107,Closed,    192.168.111.8,Closed,,,,,
192.168.111.8,Closed,    10.16.192.101,Closed,,,,,
10.16.192.101,Open,    10.16.192.82,Closed,,,,,
10.16.192.82,Open,    10.16.192.85,Closed,,,,,
10.16.192.85,Open,    10.16.192.86,Closed,,,,,
10.16.192.86,Open,    10.16.192.125,Closed,,,,,
10.16.192.125,Open,    10.16.218.26,Closed,,,,,
10.16.218.26,Open,    10.16.218.27,Closed,,,,,
10.16.218.27,Open,    10.21.80.95,Closed,,,,,
10.21.80.95,Open,    10.21.80.67,Closed,,,,,
10.21.80.67,Open,    10.21.80.68,Closed,,,,,
10.21.80.68,Open,    10.21.80.116,Closed,,,,,
10.21.80.116,Open,    10.21.80.118,Closed,,,,,
10.21.80.118,Open,    10.21.80.81,Closed,,,,,
10.21.80.81,Open,    10.21.80.82,Closed,,,,,
10.21.80.82,Open,    10.21.48.104,Closed,,,,,
10.21.48.104,Open,    10.21.48.83,Closed,,,,,
10.21.48.83,Open,    10.21.48.84,Closed,,,,,
10.21.48.84,Open,    10.21.48.68,Closed,,,,,
10.21.48.68,Open,    10.40.16.90,Closed,,,,,
10.40.16.90,Open,    10.40.16.97,Closed,,,,,
10.40.16.97,Open,    10.40.16.81,Closed,,,,,
10.40.16.81,Open,    10.40.16.98,Closed,,,,,
10.40.16.98,Open,    10.40.16.116,Closed,,,,,
10.40.16.116,Open,    10.40.16.117,Closed,,,,,
10.40.16.117,Open,    10.11.139.139,Closed,,,,,
10.11.139.139,Closed,    10.29.181.66,Closed,,,,,
10.29.181.66,Open,    10.22.240.66,Closed,,,,,
10.22.240.66,Open,    10.23.160.66,Closed,,,,,
10.23.160.66,Open,    10.23.224.66,Closed,,,,,
10.23.224.66,Open,    10.23.176.66,Closed,,,,,
10.23.176.66,Open,    10.23.112.66,Closed,,,,,
10.23.112.66,Open,    10.23.144.66,Closed,,,,,
10.23.144.66,Open,    10.23.192.66,Closed,,,,,
10.23.192.66,Closed,    10.23.0.66,Closed,,,,,
10.23.0.66,Open,    10.22.208.66,Closed,,,,,
10.22.208.66,Open,    10.22.224.66,Closed,,,,,
10.22.224.66,Open,    10.23.240.66,Closed,,,,,
10.23.240.66,Open,    10.23.48.66,Closed,,,,,
10.23.48.66,Open,    10.16.192.67,Closed,,,,,
10.16.192.67,Open,    10.21.80.66,Closed,,,,,
10.21.80.66,Open,    10.21.80.66,Closed,,,,,
10.21.80.66,Open,    10.21.48.87,Closed,,,,,
10.21.48.87,Open,    10.40.16.69,Closed,,,,,
10.40.16.69,Open,,,,,,,
